{
  "sheet_scaling": {
    "deltas": [
      0.4,
      0.3,
      0.22,
      0.16,
      0.12,
      0.09,
      0.07,
      0.05
    ],
    "max_values": [
      0.061613818806408184,
      0.07380984755596837,
      0.09570840424433297,
      0.12834495059957363,
      0.1691260432490831,
      0.2240468955410641,
      0.287125845851425,
      0.40100408401752485
    ],
    "fit_slope": 0.01953408514421586,
    "fit_intercept": 0.008297779518609941
  }
}